X0,X1,X2,X3,X4,X5,X6,X7,X8,X9,X10,X11,X12,X13,X14,X15,X16,X17,X18,X19,X20,X21,X22,X23,X24,X25
0.0202,0.0334,0.0415,0.0568,0.0750999999999999,0.0826,0.098,0.1087,0.1226,0.1672,0.2431,0.2573,0.265,0.3048,0.3154,0.3429,0.3694,0.3971,0.5581,0.5827,0.6053,0.6256,0.6658,0.6807,0.7914,0.8665
0.002,0.00749999999999995,0.0106000000000001,0.0197000000000001,0.0225,0.0308000000000001,0.0349,0.0354,0.0608,0.08,0.0893000000000001,0.1217,0.1225,0.1467,0.1762,0.1927,0.7426,0.7756,0.7869,0.8006,0.9222,0.97,0.984,0.999,0.9994,0.9996
0.00729999999999997,0.0111,0.0148,0.0213,0.0345,0.0355,0.0445,0.0495,0.0544,0.0687,0.0818,0.1026,0.1093,0.1309,0.1455,0.1597,0.192,0.2418,0.2761,0.3279,0.4242,0.4715,0.516,0.5288,0.8161,0.9377
0.0176,0.0342,0.0677,0.0896,0.0965,0.1088,0.1271,0.1864,0.2013,0.2259,0.2542,0.2657,0.3012,0.312,0.3242,0.3447,0.3604,0.3708,0.3874,0.3996,0.4123,0.4233,0.4442,0.4683,0.7718,0.9515
0.0218,0.0309,0.0509,0.0705,0.084,0.0896,0.0971,0.1068,0.117,0.1343,0.1538,0.1589,0.1675,0.1762,0.1809,0.2151,0.2417,0.2465,0.2654,0.2703,0.2754,0.2804,0.2839,0.2853,0.7664,0.9494
0.0196,0.0289,0.0374,0.0545,0.0689,0.0731000000000001,0.081,0.0981999999999999,0.1101,0.1268,0.1577,0.167,0.1787,0.2014,0.2111,0.2511,0.2662,0.2851,0.321,0.3323,0.3427,0.3648,0.3794,0.3894,0.5542,0.8877
0.0254,0.0404,0.0562,0.0794,0.0969,0.1035,0.1136,0.149,0.163,0.2103,0.2566,0.2738,0.2908,0.3417,0.3503,0.4004,0.4238,0.4431,0.4896,0.5011,0.5137,0.5289,0.5522,0.559,0.6892,0.8367
0.0186,0.0299,0.0413,0.0571,0.0677,0.073,0.0858,0.1023,0.1169,0.1417,0.1817,0.1956,0.212,0.2519,0.2667,0.3006,0.3149,0.339,0.4094,0.4231,0.4428,0.4639,0.4998,0.5318,0.6635,0.8695
0.00780000000000003,0.0209,0.0266,0.0392,0.0433,0.0528,0.0685,0.0758,0.1027,0.1108,0.1243,0.1466,0.1799,0.2106,0.2642,0.2828,0.3369,0.3819,0.4264,0.4746,0.543,0.6317,0.6709,0.7171,0.7312,0.9892
0.0119,0.0201,0.0249,0.0296,0.0426,0.0454,0.0513,0.0584,0.0633,0.0892,0.1261,0.1368,0.1408,0.1638,0.1692,0.1852,0.2055,0.2281,0.291,0.3109,0.3314,0.3515,0.3789,0.3847,0.7549,0.8783
0.000900000000000012,0.00129999999999997,0.002,0.00280000000000002,0.004,0.00409999999999999,0.00480000000000003,0.00509999999999999,0.00539999999999996,0.00619999999999998,0.00660000000000005,0.00739999999999996,0.00800000000000001,0.00860000000000005,0.00929999999999998,0.0104,0.0137,0.0145,0.016,0.0171,0.0246,0.0251,0.0268,0.027,0.9804,0.9979
0.0385,0.0550000000000001,0.0744,0.1173,0.1335,0.1409,0.1535,0.1941,0.2085,0.2333,0.259,0.2774,0.3225,0.3576,0.3775,0.465,0.4752,0.4922,0.512,0.5228,0.5355,0.5506,0.5756,0.6256,0.7423,0.8765
0.0607,0.0831,0.1098,0.2018,0.2692,0.3042,0.3227,0.3308,0.3607,0.3789,0.3998,0.4094,0.4263,0.4392,0.4495,0.5087,0.5275,0.5441,0.5488,0.5577,0.5698,0.5829,0.6023,0.6225,0.9177,0.9645
0.0385,0.0550000000000001,0.0744,0.1173,0.1335,0.1409,0.1535,0.1941,0.2085,0.2333,0.259,0.2774,0.3225,0.3576,0.3775,0.465,0.4752,0.4922,0.512,0.5228,0.5355,0.5506,0.5756,0.6256,0.7423,0.8765
0.00239999999999996,0.0081,0.0091,0.0114,0.0125999999999999,0.0152,0.0232,0.0246,0.0317,0.0361,0.039,0.0716,0.1021,0.1379,0.2297,0.2351,0.2833,0.3581,0.3755,0.433,0.6381,0.7657,0.8247,0.9494,0.9541,0.9984
0.0338000000000001,0.0456,0.0794,0.1102,0.1287,0.1367,0.146,0.1608,0.1778,0.2079,0.2338,0.2415,0.2525,0.2637,0.2699,0.3123,0.3456,0.3522,0.3725,0.3779,0.3839,0.3912,0.3959,0.398,0.7526,0.938
0.0161,0.0373,0.0570000000000001,0.0856,0.0935,0.1129,0.1409,0.1902,0.2082,0.2332,0.2757,0.2911,0.3286,0.3412,0.3634,0.3877,0.4035,0.4184,0.4523,0.4814,0.5171,0.5376,0.5732,0.6626,0.8724,0.9639
0.0197000000000001,0.0436,0.0555,0.0689,0.0894,0.1171,0.1443,0.1896,0.204,0.2136,0.2601,0.2699,0.323,0.336,0.3584,0.3944,0.4068,0.4279,0.46,0.4784,0.4912,0.514,0.5357,0.5974,0.7082,0.9528
0.00749999999999995,0.0143,0.0176,0.0204,0.03,0.0319,0.0363,0.0407999999999999,0.0439000000000001,0.0664,0.1,0.11,0.113,0.1315,0.1351,0.1464,0.1661,0.1821,0.2372,0.2565,0.2782,0.2933,0.3166,0.32,0.8345,0.9128
0.00390000000000001,0.0105,0.0168,0.0175,0.0191,0.0313,0.0345,0.0352,0.0551,0.0668,0.0965,0.1234,0.1246,0.1294,0.1371,0.1373,0.1438,0.1701,0.1739,0.1917,0.2021,0.3374,0.3569,0.9985,0.9987,0.9988
0.0411,0.0575,0.0796,0.1231,0.141,0.1478,0.1604,0.2078,0.2252,0.2591,0.2941,0.3119,0.3421,0.3842,0.4,0.4838,0.497,0.515,0.5474,0.5555,0.5658,0.5778,0.6013,0.6277,0.7237,0.8478
0.0189,0.0331,0.0416,0.0564,0.067,0.0744,0.0875,0.1087,0.1142,0.1279,0.1409,0.1614,0.2168,0.2353,0.266,0.2985,0.3031,0.32,0.3316,0.3596,0.3886,0.408,0.4451,0.8454,0.9263,0.9576
0.0128,0.0203,0.0332,0.0540000000000001,0.0616,0.0663,0.0728,0.0863,0.0984,0.109,0.128,0.1332,0.1432,0.1497,0.1569,0.1849,0.1979,0.205,0.2252,0.2311,0.2364,0.2505,0.258,0.2616,0.3787,0.9598
0.0276999999999999,0.0549,0.0775,0.1841,0.2718,0.4131,0.4258,0.4396,0.4476,0.4562,0.4691,0.4838,0.5,0.5135,0.5302,0.6873,0.7038,0.7109,0.7202,0.7406,0.7556,0.7698,0.8093,0.822,0.9081,0.9599
0.0153,0.0276999999999999,0.0474,0.0744,0.0825,0.09,0.1039,0.1434,0.1574,0.1812,0.2061,0.2164,0.2598,0.2725,0.2815,0.3116,0.3238,0.3315,0.3445,0.3575,0.3695,0.3806,0.397,0.4104,0.5874,0.9523
0.0339,0.0455,0.0795,0.1192,0.1371,0.1445,0.1552,0.1701,0.1933,0.2228,0.2519,0.2607,0.2737,0.2854,0.293,0.3371,0.3617,0.3698,0.3888,0.3948,0.4007,0.4115,0.4182,0.4214,0.6598,0.9347
0.00929999999999998,0.0174,0.0199,0.0304,0.0362,0.0383,0.0494,0.0585,0.0636,0.0843,0.1132,0.14,0.1659,0.2066,0.2486,0.2709,0.286,0.3412,0.4356,0.4586,0.5388,0.5844,0.6353,0.6768,0.7796,0.9805
0.0132,0.0295,0.0367,0.0492,0.0588,0.0677,0.0869,0.1123,0.1236,0.1368,0.167,0.1825,0.2217,0.2437,0.2792,0.31,0.32,0.3397,0.4097,0.4465,0.4814,0.5171,0.5448,0.6606,0.7005,0.9503
0.0115,0.023,0.0284,0.0368000000000001,0.046,0.0550000000000001,0.0693,0.079,0.0831,0.0936,0.1045,0.1235,0.2045,0.216,0.2417,0.2637,0.2673,0.2782,0.2833,0.3279,0.362,0.3863,0.4225,0.8797,0.9447,0.977
0.00219999999999998,0.00329999999999997,0.00519999999999998,0.0105,0.0121,0.0134,0.0148,0.0154,0.0171,0.0186,0.0198,0.0218,0.0238,0.0251,0.0266999999999999,0.0284,0.0334,0.0349,0.0369,0.0387999999999999,0.0505,0.0523,0.0595,0.0617,0.9846,0.9974
0.0273,0.0431,0.0600000000000001,0.0885,0.1078,0.1154,0.1257,0.1751,0.1891,0.2296,0.2727,0.2875,0.307,0.3483,0.3566,0.4176,0.4418,0.4578,0.4973,0.5071,0.5171,0.5303,0.5478,0.5527,0.6676,0.8471
0.0185,0.0318000000000001,0.0411,0.0594,0.1541,0.1709,0.1794,0.1911,0.1962,0.2036,0.2127,0.2199,0.2273,0.238,0.2492,0.3812,0.3934,0.4006,0.4091,0.4185,0.4281,0.435,0.444,0.4462,0.6195,0.9555
0.0245,0.0397999999999999,0.0484,0.0657,0.0803000000000001,0.0875,0.104,0.1252,0.1327,0.1522,0.1702,0.1916,0.2173,0.2446,0.2843,0.3171,0.324,0.3522,0.3933,0.4214,0.4562,0.4765,0.527,0.8459,0.9106,0.9363
0.00719999999999998,0.0123,0.0192,0.0409000000000001,0.0464,0.0481,0.0566,0.0629999999999999,0.0714,0.0794,0.0917,0.0977,0.1112,0.1207,0.1272,0.1473,0.1599,0.168,0.186,0.1954,0.2075,0.217,0.2281,0.2304,0.5545,0.9679
0.002,0.00749999999999995,0.0106000000000001,0.0197000000000001,0.0225,0.0308000000000001,0.0349,0.0354,0.0608,0.08,0.0893000000000001,0.1217,0.1225,0.1467,0.1762,0.1927,0.7426,0.7756,0.7869,0.8006,0.9222,0.97,0.984,0.999,0.9994,0.9996
0.0105,0.0209,0.0415,0.0550000000000001,0.0609,0.0669,0.0755,0.1014,0.1136,0.1371,0.1597,0.1676,0.1845,0.1936,0.1994,0.2134,0.23,0.2379,0.2492,0.2572,0.2648,0.2764,0.2925,0.303,0.7203,0.9593
0.0151,0.0316,0.0546,0.0762000000000001,0.0831,0.1031,0.125,0.1561,0.208,0.2248,0.2509,0.2612,0.2807,0.2915,0.3042,0.3203,0.3421,0.358,0.3815,0.3999,0.4144,0.4379,0.4601,0.4727,0.5098,0.9728
0.014,0.0446,0.0563,0.0767,0.0826,0.1075,0.1362,0.1521,0.2468,0.2658,0.2967,0.3228,0.3414,0.3684,0.4029,0.415,0.4631,0.5031,0.5659,0.6282,0.669,0.7534,0.7919,0.8405,0.8528,0.9855
0.0175,0.032,0.0411,0.0556,0.0654,0.0733,0.0871,0.1074,0.1134,0.1262,0.1407,0.161,0.239,0.2571,0.2838,0.3195,0.3242,0.3388,0.3472,0.3751,0.4002,0.421,0.457,0.8028,0.9065,0.9564
0.00149999999999995,0.00329999999999997,0.00470000000000004,0.00480000000000003,0.00519999999999998,0.00619999999999998,0.00819999999999999,0.00839999999999996,0.0138,0.018,0.0212,0.0256,0.0259,0.0266999999999999,0.0284,0.0285,0.0296,0.0499000000000001,0.05,0.0522,0.0532,0.0625,0.0671,0.9993,0.9999,0.9999
0.00580000000000003,0.0147,0.0236,0.0344,0.0385,0.046,0.0607,0.0775,0.0964,0.1104,0.1276,0.1353,0.1776,0.1882,0.1981,0.2101,0.2212,0.2299,0.2388,0.2567,0.2744,0.2937,0.3176,0.3396,0.3837,0.9832
0.0175,0.0308000000000001,0.0587,0.0846,0.0928,0.1016,0.1162,0.1609,0.1768,0.2024,0.2301,0.2402,0.274,0.2851,0.2939,0.321,0.3361,0.3444,0.3579,0.3685,0.3789,0.3893,0.4059,0.4189,0.6584,0.948
0.0238,0.0367,0.0485,0.0649,0.0809,0.0862000000000001,0.0971,0.1094,0.1254,0.179,0.2329,0.251,0.2619,0.329,0.3382,0.3708,0.3907,0.4181,0.4884,0.5026,0.519,0.5376,0.5756,0.5904,0.7363,0.8291
0,0,0,0,0,9.9999999999989e-05,0.000600000000000045,0.000600000000000045,0.0131,0.0131,0.0131,0.0133,0.0133,0.0133,0.0663,0.0663,0.5808,0.5824,0.5824,0.5853,0.9666,0.967,0.9671,1,1,1
0.00609999999999999,0.019,0.0254,0.031,0.0333,0.0514,0.0764,0.0776,0.4329,0.4425,0.4522,0.4689,0.4719,0.4771,0.515,0.5171,0.6217,0.6594,0.6654,0.7188,0.8059,0.8781,0.8908,0.9991,0.9992,0.9995
0.00919999999999999,0.0183,0.0224,0.0298000000000001,0.0357,0.0412,0.0514,0.0627,0.0651000000000001,0.0728,0.0787,0.0931,0.1314,0.1402,0.1675,0.1812,0.1835,0.1939,0.2004,0.2305,0.2622,0.275,0.3041,0.9468,0.9769,0.9844
0.0124,0.0227000000000001,0.029,0.0352,0.049,0.0523,0.0583,0.07,0.0756,0.1077,0.1484,0.164,0.1705,0.2023,0.2079,0.2306,0.254,0.2727,0.3253,0.3431,0.365,0.382,0.4078,0.412,0.7778,0.8847
0.0256999999999999,0.041,0.0567,0.0818,0.1004,0.1074,0.1172,0.1608,0.1741,0.2157,0.2585,0.2739,0.2916,0.3339,0.3419,0.3969,0.4218,0.4386,0.4791,0.4897,0.5007,0.5148,0.5338,0.5388,0.6714,0.8462
0.0253,0.0352,0.0592,0.0926,0.1063,0.1112,0.1209,0.1321,0.1523,0.1729,0.1982,0.2059,0.218,0.2284,0.2356,0.2725,0.2915,0.2993,0.3183,0.3245,0.33,0.3414,0.3482,0.3517,0.6172,0.9417
0.000600000000000045,0.00109999999999999,0.00260000000000005,0.00270000000000004,0.00280000000000002,0.003,0.00649999999999995,0.00649999999999995,0.0382,0.0394,0.0397999999999999,0.0424,0.0424,0.0425,0.0444,0.0444,0.0462,0.0573,0.0573,0.0593,0.0611000000000001,0.0637,0.0653,1,1,1
0.00929999999999998,0.0174,0.0199,0.0304,0.0362,0.0383,0.0494,0.0585,0.0636,0.0843,0.1132,0.14,0.1659,0.2066,0.2486,0.2709,0.286,0.3412,0.4356,0.4586,0.5388,0.5844,0.6353,0.6768,0.7796,0.9805
0.0216,0.0402,0.0477,0.0667,0.0783,0.0915,0.1097,0.1353,0.1663,0.2075,0.468,0.4906,0.5011,0.5209,0.5338,0.5621,0.5939,0.6397,0.7388,0.7663,0.7867,0.8499,0.8701,0.8915,0.911,0.9687
0.0271,0.0413,0.0533,0.0744,0.0931,0.0998,0.1164,0.139,0.1511,0.1777,0.2149,0.233,0.2489,0.2862,0.3109,0.3562,0.3694,0.3997,0.4921,0.5103,0.5349,0.5535,0.6015,0.6694,0.7817,0.8656
0.0288000000000001,0.0449000000000001,0.0613,0.0864,0.1054,0.1132,0.1244,0.1715,0.1863,0.2194,0.2609,0.2739,0.2898,0.3262,0.3348,0.3868,0.409,0.4265,0.4773,0.4867,0.4954,0.5079,0.5241,0.5285,0.6397,0.8486
0.00960000000000005,0.0234,0.0307,0.0409000000000001,0.0482,0.0588,0.0756,0.0872000000000001,0.107,0.1214,0.1647,0.1769,0.1934,0.2204,0.2361,0.2547,0.2716,0.2926,0.3859,0.4175,0.4403,0.48,0.5107,0.5403,0.5844,0.945
0.0209,0.0346,0.0470000000000001,0.0635,0.0809,0.0866,0.0955,0.1292,0.1397,0.177,0.2201,0.235,0.2489,0.287,0.2944,0.3389,0.3649,0.3826,0.4282,0.4401,0.4538,0.4688,0.4885,0.4928,0.6748,0.8547
0.0115,0.0237000000000001,0.0278,0.0375,0.0476,0.0562,0.072,0.0861,0.0891,0.1001,0.1096,0.1251,0.1628,0.1719,0.2112,0.2294,0.2324,0.2442,0.2586,0.3103,0.3573,0.3734,0.3991,0.9476,0.9703,0.9823
0.0271,0.0413,0.0533,0.0744,0.0931,0.0998,0.1164,0.139,0.1511,0.1777,0.2149,0.233,0.2489,0.2862,0.3109,0.3562,0.3694,0.3997,0.4921,0.5103,0.5349,0.5535,0.6015,0.6694,0.7817,0.8656
0.0258,0.0406,0.0511,0.0722,0.0984,0.1074,0.127,0.148,0.1593,0.1909,0.2445,0.2604,0.2702,0.2991,0.3232,0.3718,0.391,0.4176,0.5899,0.6149,0.6436,0.662,0.6959,0.7294,0.7983,0.8848
0.01,0.0192,0.0348000000000001,0.0479000000000001,0.0536,0.0588,0.0655,0.0803000000000001,0.0894,0.1054,0.1274,0.1333,0.1467,0.1555,0.1602,0.1793,0.199,0.2043,0.2211,0.2274,0.2345,0.2424,0.2503,0.2548,0.7647,0.9601
0.0133,0.0278,0.0342,0.0437,0.0574,0.0644,0.0791,0.0966,0.1047,0.1194,0.183,0.1888,0.1927,0.2066,0.2125,0.2325,0.25,0.2632,0.6139,0.6256,0.6321,0.6395,0.65,0.6511,0.7566,0.9064
0.019,0.0274,0.0334,0.0417,0.0639,0.0694,0.0783,0.0873,0.0957,0.114,0.1457,0.1555,0.1608,0.1848,0.1946,0.2193,0.2397,0.2728,0.3334,0.357,0.378,0.4069,0.4343,0.4439,0.6257,0.8648
0.0203,0.0393,0.0833,0.1069,0.1145,0.137,0.1649,0.2022,0.2639,0.2911,0.3196,0.3315,0.3543,0.3657,0.379,0.3933,0.4183,0.434,0.4531,0.4689,0.4822,0.501,0.5242,0.5386,0.6011,0.9673
0.0321,0.0469000000000001,0.0652,0.1083,0.1242,0.1315,0.1429,0.1848,0.1981,0.2196,0.2418,0.2564,0.2959,0.324,0.3408,0.4339,0.4449,0.4579,0.4758,0.4856,0.4964,0.5098,0.5291,0.556,0.6763,0.8849
0.0157,0.0306,0.0539,0.0817,0.0884,0.0983000000000001,0.1162,0.1772,0.1901,0.213,0.2395,0.2504,0.3051,0.3168,0.3285,0.3571,0.3686,0.3771,0.3909,0.4051,0.4201,0.4304,0.4513,0.4761,0.703,0.9533
0.00990000000000002,0.0183,0.0273,0.0386,0.0455,0.0538,0.0634,0.0861,0.0949,0.1068,0.1281,0.1331,0.1484,0.1671,0.1727,0.1992,0.2097,0.2176,0.2445,0.2523,0.2611,0.2691,0.281,0.2836,0.3786,0.9227
0.00439999999999996,0.00829999999999997,0.01,0.0135999999999999,0.0232,0.0245,0.0379,0.0411,0.0434,0.0523,0.0580000000000001,0.0847,0.1142,0.1302,0.1568,0.1713,0.181,0.2071,0.2171,0.3198,0.5105,0.5463,0.6009,0.6796,0.9126,0.9781
0.0132,0.0249,0.0308000000000001,0.0409000000000001,0.0491,0.0557,0.0677,0.0835,0.0872000000000001,0.0972,0.1058,0.1233,0.1715,0.1842,0.2146,0.236,0.2394,0.2532,0.2619,0.2929,0.3237,0.3402,0.3737,0.9077,0.9582,0.9743
0.00129999999999997,0.00370000000000004,0.00509999999999999,0.00939999999999996,0.012,0.0125999999999999,0.0196,0.0212,0.0246,0.0302,0.0344,0.0483,0.0823,0.0948,0.1045,0.109,0.1163,0.1263,0.1346,0.191,0.2529,0.2853,0.3343,0.3588,0.4903,0.9918
0.00360000000000005,0.00780000000000003,0.0102,0.0355,0.0395,0.0464,0.0493,0.0515,0.0550000000000001,0.0623,0.0642,0.0789,0.0917,0.096,0.1034,0.1055,0.1139,0.1183,0.1202,0.1408,0.2437,0.2685,0.3517,0.4817,0.9901,0.9977
0.0271,0.0413,0.0533,0.0744,0.0931,0.0998,0.1164,0.139,0.1511,0.1777,0.2149,0.233,0.2489,0.2862,0.3109,0.3562,0.3694,0.3997,0.4921,0.5103,0.5349,0.5535,0.6015,0.6694,0.7817,0.8656
0.00470000000000004,0.0149,0.0212,0.0326,0.0358000000000001,0.0429,0.0782000000000001,0.0843,0.1014,0.1145,0.1194,0.1308,0.1566,0.206,0.2964,0.3297,0.4023,0.4664,0.5019,0.5254,0.7808,0.8052,0.8535,0.8812,0.9414,0.989
0.0194,0.0302,0.0642,0.0817,0.0915,0.0965,0.1032,0.1178,0.1276,0.1559,0.1745,0.1837,0.1941,0.203,0.2084,0.2334,0.2745,0.2796,0.2935,0.2988,0.3064,0.3122,0.3166,0.3189,0.8877,0.9584
0.00960000000000005,0.0234,0.0307,0.0409000000000001,0.0482,0.0588,0.0756,0.0872000000000001,0.107,0.1214,0.1647,0.1769,0.1934,0.2204,0.2361,0.2547,0.2716,0.2926,0.3859,0.4175,0.4403,0.48,0.5107,0.5403,0.5844,0.945
0.0253,0.0352,0.0592,0.0926,0.1063,0.1112,0.1209,0.1321,0.1523,0.1729,0.1982,0.2059,0.218,0.2284,0.2356,0.2725,0.2915,0.2993,0.3183,0.3245,0.33,0.3414,0.3482,0.3517,0.6172,0.9417
0.0139,0.0206,0.0248,0.029,0.0532,0.0573,0.0662,0.0722,0.0774,0.0944,0.1211,0.1339,0.1373,0.1611,0.1722,0.1887,0.2153,0.2662,0.343,0.3898,0.4372,0.476,0.5199,0.5306,0.7207,0.8686
0.0103,0.0174,0.0229,0.0316,0.0818,0.0887,0.0947,0.1025,0.1051,0.1099,0.115,0.1219,0.1274,0.1354,0.1461,0.2112,0.2212,0.2288,0.2361,0.2467,0.265,0.2726,0.2825,0.2844,0.5648,0.9674
0.0155,0.0356,0.0566,0.0899,0.0967,0.1106,0.1345,0.2168,0.2284,0.2546,0.2807,0.2954,0.3817,0.3949,0.4167,0.4469,0.4565,0.4662,0.4822,0.5059,0.5331,0.5471,0.5766,0.6509,0.7974,0.9626
0.00919999999999999,0.0221,0.0302,0.0353,0.0442,0.0518,0.0723,0.089,0.0995,0.1068,0.1313,0.1476,0.1791,0.2045,0.2248,0.2368,0.2513,0.3003,0.3324,0.3567,0.3833,0.4177,0.5124,0.6996,0.8815,0.9524
0.0107,0.0229,0.0338000000000001,0.0542,0.0610000000000001,0.068,0.0836,0.1177,0.1278,0.148,0.1693,0.182,0.2589,0.2742,0.2861,0.3105,0.3188,0.3272,0.3391,0.362,0.383,0.3974,0.4225,0.4559,0.5949,0.9657
0.0209,0.0356,0.0444,0.0608,0.0722,0.0795,0.0929,0.1148,0.1209,0.136,0.1501,0.1713,0.2235,0.2439,0.2752,0.31,0.3151,0.3335,0.3472,0.3748,0.4041,0.424,0.4628,0.8343,0.9186,0.952
0.0308000000000001,0.048,0.0593,0.0833,0.0991,0.1067,0.1219,0.1486,0.1578,0.1803,0.2023,0.2251,0.2603,0.2919,0.326,0.373,0.3806,0.4068,0.4397,0.4629,0.4905,0.5116,0.5564,0.7805,0.8706,0.9152
0.0169,0.0286,0.0374,0.0476,0.0633,0.0678,0.0753,0.095,0.1028,0.1365,0.1787,0.1929,0.2022,0.2358,0.2425,0.2736,0.2976,0.317,0.3692,0.3842,0.4015,0.4186,0.4418,0.4464,0.7044,0.8631
0.0233,0.0333,0.0659,0.0843,0.0975,0.1023,0.1093,0.1221,0.1322,0.1613,0.1792,0.1877,0.197,0.2063,0.2112,0.2419,0.2848,0.2899,0.3046,0.3098,0.3172,0.3222,0.3262,0.3277,0.8685,0.9543
0.0159,0.0272,0.0353,0.0445,0.0598,0.064,0.0712000000000001,0.0889,0.0961,0.129,0.1704,0.1847,0.1932,0.2261,0.2326,0.2614,0.285,0.3045,0.3575,0.373,0.3913,0.4087,0.4325,0.437,0.7148,0.8663
0.0387,0.0657,0.0824,0.1861,0.3018,0.3566,0.3697,0.3857,0.3956,0.4103,0.4211,0.4315,0.4468,0.4611,0.4767,0.6242,0.6412,0.6491,0.658,0.674,0.6861,0.6968,0.7187,0.7281,0.8631,0.9513
0.005,0.00939999999999996,0.0115,0.0161,0.0265,0.0279,0.0412,0.0454,0.0481,0.0573,0.064,0.0892,0.1155,0.1326,0.1591,0.1774,0.1896,0.2172,0.2298,0.3164,0.4808,0.5186,0.5669,0.621,0.8843,0.9715
0.0129,0.0323,0.0818,0.1084,0.1128,0.1314,0.1595,0.2137,0.2517,0.2895,0.3184,0.3335,0.4047,0.418,0.435,0.4486,0.4713,0.4832,0.4927,0.5099,0.5345,0.5571,0.5925,0.6506,0.7521,0.9719
0.0109,0.0262,0.038,0.0599,0.0663,0.0756,0.0954,0.1444,0.1537,0.1764,0.1984,0.2147,0.3203,0.3356,0.354,0.3772,0.3843,0.3943,0.4066,0.4377,0.4689,0.4865,0.523,0.6079,0.7298,0.9699
0.000900000000000012,0.00129999999999997,0.002,0.00280000000000002,0.004,0.00409999999999999,0.00480000000000003,0.00509999999999999,0.00539999999999996,0.00619999999999998,0.00660000000000005,0.00739999999999996,0.00800000000000001,0.00860000000000005,0.00929999999999998,0.0104,0.0137,0.0145,0.016,0.0171,0.0246,0.0251,0.0268,0.027,0.9804,0.9979
0.0275,0.042,0.0581,0.0809,0.0976,0.1036,0.1149,0.1421,0.1581,0.2096,0.2592,0.278,0.2944,0.3559,0.3658,0.412,0.4333,0.4561,0.5112,0.5228,0.5369,0.5525,0.5805,0.591,0.7121,0.829
0.00390000000000001,0.0105,0.0168,0.0175,0.0191,0.0313,0.0345,0.0352,0.0551,0.0668,0.0965,0.1234,0.1246,0.1294,0.1371,0.1373,0.1438,0.1701,0.1739,0.1917,0.2021,0.3374,0.3569,0.9985,0.9987,0.9988
0.00609999999999999,0.012,0.014,0.0189,0.0229,0.0261,0.0336,0.04,0.0414,0.0473,0.0507,0.0616,0.0795,0.0855,0.1098,0.1167,0.118,0.1263,0.1334,0.1603,0.1935,0.202,0.227,0.9787,0.9898,0.9915
0.0303,0.0445,0.0597,0.0866,0.1038,0.1098,0.1232,0.1473,0.1618,0.1903,0.2325,0.2486,0.2655,0.3049,0.3225,0.3794,0.3927,0.4164,0.4905,0.5019,0.5166,0.5318,0.5655,0.599,0.722,0.8432
0.0271,0.0413,0.0533,0.0744,0.0931,0.0998,0.1164,0.139,0.1511,0.1777,0.2149,0.233,0.2489,0.2862,0.3109,0.3562,0.3694,0.3997,0.4921,0.5103,0.5349,0.5535,0.6015,0.6694,0.7817,0.8656
0.0268,0.0369,0.0602,0.0858,0.1014,0.1081,0.1166,0.1277,0.1413,0.162,0.1851,0.1909,0.2007,0.2106,0.216,0.2546,0.2803,0.2859,0.3058,0.3107,0.3158,0.3219,0.3259,0.3277,0.7302,0.9431
0.02,0.0297,0.0399,0.0622,0.076,0.0805,0.0888,0.1085,0.1202,0.1363,0.1618,0.1719,0.1884,0.2107,0.2215,0.2706,0.2846,0.3002,0.3262,0.3374,0.348,0.3678,0.3831,0.3955,0.5618,0.8929
0.014,0.0608,0.0735,0.0828,0.1007,0.1897,0.2234,0.2404,0.2972,0.3035,0.3121,0.3385,0.3563,0.3912,0.4595,0.4761,0.4946,0.5139,0.582,0.6472,0.6759,0.716,0.7382,0.7576,0.7595,0.9835
0.00770000000000004,0.0116000000000001,0.0153,0.0215,0.0355,0.0365,0.0456,0.0502,0.0552,0.07,0.0839,0.1047,0.1107,0.1338,0.1483,0.1619,0.1954,0.2501,0.2884,0.342,0.4404,0.4881,0.5363,0.549,0.8202,0.9331
0.00990000000000002,0.016,0.0199,0.0385,0.0648,0.0679,0.074,0.0798,0.0829,0.0949,0.0991,0.1093,0.1166,0.1266,0.1396,0.1657,0.1794,0.1913,0.1985,0.2178,0.2729,0.2872,0.306,0.3114,0.8209,0.98
0.00590000000000002,0.0133,0.0172,0.0243,0.0308000000000001,0.0371,0.0467,0.0628,0.0678,0.0727,0.0875,0.0928,0.122,0.1311,0.1433,0.174,0.1813,0.1878,0.2079,0.2234,0.2367,0.2513,0.2593,0.2709,0.3175,0.9708
0.00460000000000005,0.00870000000000004,0.0137,0.0184,0.0218,0.0237000000000001,0.0269,0.0296,0.0323,0.0377,0.0476,0.0509,0.0550000000000001,0.0593,0.0613,0.0699,0.0896,0.0924,0.1077,0.1128,0.1203,0.1236,0.1279,0.129,0.9393,0.9797
0.0289,0.0427,0.0571,0.0823,0.0993000000000001,0.1053,0.1191,0.1424,0.1563,0.1854,0.2273,0.2435,0.2594,0.2986,0.3166,0.3692,0.3827,0.4072,0.4888,0.5013,0.5179,0.5337,0.5691,0.604,0.7256,0.8444
0.00349999999999995,0.00760000000000005,0.011,0.0197000000000001,0.0239,0.0258,0.0317,0.0354,0.0411,0.0483,0.0562,0.0639,0.0881,0.098,0.1054,0.116,0.1228,0.1287,0.1383,0.1557,0.1709,0.1907,0.2088,0.22,0.3232,0.9838
0.00470000000000004,0.00890000000000002,0.0106000000000001,0.0138,0.0197000000000001,0.0214,0.0299,0.0314,0.0362,0.0819,0.1548,0.1654,0.1659,0.1951,0.2003,0.2056,0.2495,0.3154,0.8688,0.8795,0.9089,0.9249,0.9468,0.9486,0.977,0.9816
0.0271,0.0413,0.0533,0.0744,0.0931,0.0998,0.1164,0.139,0.1511,0.1777,0.2149,0.233,0.2489,0.2862,0.3109,0.3562,0.3694,0.3997,0.4921,0.5103,0.5349,0.5535,0.6015,0.6694,0.7817,0.8656
0.00149999999999995,0.00329999999999997,0.00470000000000004,0.00480000000000003,0.00519999999999998,0.00619999999999998,0.00819999999999999,0.00839999999999996,0.0138,0.018,0.0212,0.0256,0.0259,0.0266999999999999,0.0284,0.0285,0.0296,0.0499000000000001,0.05,0.0522,0.0532,0.0625,0.0671,0.9993,0.9999,0.9999
0.0247000000000001,0.0374,0.0493,0.0678,0.0845,0.0901,0.1033,0.1197,0.1337,0.1711,0.2148,0.231,0.2434,0.2924,0.3069,0.3459,0.3622,0.3897,0.4772,0.4922,0.5116,0.5289,0.5689,0.5945,0.7207,0.8368
0.0232,0.0338000000000001,0.0442,0.0662,0.0808,0.0861,0.0945,0.1188,0.1321,0.1512,0.1833,0.1931,0.2078,0.2326,0.2426,0.2885,0.3038,0.3215,0.3555,0.3657,0.3756,0.395,0.4095,0.4193,0.5607,0.8814
0.00770000000000004,0.0157,0.026,0.0382,0.0429,0.0485,0.0549,0.0682,0.0757,0.0858,0.1055,0.1105,0.1251,0.1329,0.1371,0.1544,0.1705,0.1754,0.1911,0.1984,0.2067,0.2143,0.2241,0.2288,0.7466,0.9656
0.00849999999999995,0.0167,0.0287,0.041,0.046,0.0509,0.0569,0.069,0.0764,0.0878,0.1068,0.1119,0.1248,0.1327,0.137,0.1563,0.174,0.1786,0.1952,0.2015,0.2088,0.2156,0.2229,0.2267,0.7665,0.9634
0.0273,0.0431,0.0600000000000001,0.0885,0.1078,0.1154,0.1257,0.1751,0.1891,0.2296,0.2727,0.2875,0.307,0.3483,0.3566,0.4176,0.4418,0.4578,0.4973,0.5071,0.5171,0.5303,0.5478,0.5527,0.6676,0.8471
0.0158,0.0358000000000001,0.1368,0.1643,0.168,0.1944,0.217,0.2377,0.2939,0.3288,0.3756,0.3897,0.4243,0.4338,0.4437,0.4527,0.491,0.4993,0.5093,0.5192,0.5333,0.55,0.5721,0.62,0.9142,0.9733
0.0081,0.018,0.0251,0.0315,0.1213,0.1343,0.1411,0.1497,0.1519,0.1557,0.1625,0.1687,0.1734,0.1811,0.1896,0.3402,0.354,0.358,0.3686,0.3768,0.3847,0.3886,0.395,0.3958,0.6063,0.9621
0.00729999999999997,0.0111,0.0148,0.0213,0.0345,0.0355,0.0445,0.0495,0.0544,0.0687,0.0818,0.1026,0.1093,0.1309,0.1455,0.1597,0.192,0.2418,0.2761,0.3279,0.4242,0.4715,0.516,0.5288,0.8161,0.9377
0.0236,0.0391,0.0514,0.0728,0.0854,0.0939,0.1077,0.1303,0.1387,0.154,0.1715,0.1924,0.2687,0.2902,0.3166,0.3712,0.3769,0.392,0.402,0.4252,0.4466,0.4688,0.5027,0.7139,0.843,0.938
0.0383,0.0547,0.0769,0.1163,0.1374,0.1455,0.1581,0.2097,0.2276,0.2664,0.3072,0.3238,0.3484,0.3946,0.4064,0.4852,0.5043,0.5213,0.5593,0.5674,0.5768,0.588,0.6064,0.6161,0.7007,0.8434
0.0317,0.048,0.1044,0.1373,0.1517,0.1611,0.1714,0.2013,0.2215,0.2757,0.3098,0.3219,0.3374,0.3506,0.3591,0.3977,0.4394,0.4469,0.4672,0.4733,0.4806,0.4912,0.4972,0.5012,0.7865,0.9352
0.0171,0.033,0.0637,0.0866,0.0935,0.1051,0.1227,0.1828,0.1968,0.2211,0.2498,0.2607,0.3004,0.3111,0.3229,0.3457,0.3602,0.3697,0.3849,0.3969,0.4096,0.4203,0.4406,0.4652,0.7567,0.9516
0.0108,0.0256999999999999,0.0394,0.0664,0.0739,0.0891,0.1033,0.1295,0.1463,0.1645,0.1953,0.206,0.2293,0.2404,0.2504,0.2699,0.2914,0.301,0.3232,0.3447,0.3691,0.3901,0.4196,0.447,0.7967,0.9671
0.0208,0.032,0.0399,0.0498,0.0665,0.072,0.08,0.0925,0.1019,0.1255,0.1583,0.1685,0.1742,0.2013,0.2092,0.2319,0.2489,0.2745,0.34,0.3562,0.3694,0.3899,0.4141,0.4214,0.6385,0.8586
0.0158,0.0323,0.0590000000000001,0.0786,0.0850999999999999,0.0976,0.1171,0.169,0.184,0.204,0.2317,0.2429,0.2736,0.2845,0.2965,0.315,0.3301,0.3416,0.3622,0.3765,0.3902,0.4014,0.4236,0.4485,0.7809,0.9553
0.00919999999999999,0.0183,0.0224,0.0298000000000001,0.0357,0.0412,0.0514,0.0627,0.0651000000000001,0.0728,0.0787,0.0931,0.1314,0.1402,0.1675,0.1812,0.1835,0.1939,0.2004,0.2305,0.2622,0.275,0.3041,0.9468,0.9769,0.9844
0.027,0.0391,0.0514,0.0791,0.0951,0.1016,0.1108,0.1446,0.1593,0.1813,0.2156,0.2259,0.2434,0.2708,0.2809,0.3348,0.3502,0.3668,0.4008,0.4099,0.4188,0.4354,0.4499,0.4588,0.5719,0.8734
0.0256999999999999,0.041,0.0567,0.0818,0.1004,0.1074,0.1172,0.1608,0.1741,0.2157,0.2585,0.2739,0.2916,0.3339,0.3419,0.3969,0.4218,0.4386,0.4791,0.4897,0.5007,0.5148,0.5338,0.5388,0.6714,0.8462
0.0297,0.0458,0.1021,0.1314,0.1448,0.1535,0.1632,0.1911,0.2084,0.2601,0.2908,0.3033,0.3176,0.3296,0.338,0.3716,0.4179,0.4251,0.4441,0.4503,0.4582,0.4682,0.4738,0.4776,0.8293,0.9412
0.027,0.0391,0.0514,0.0791,0.0951,0.1016,0.1108,0.1446,0.1593,0.1813,0.2156,0.2259,0.2434,0.2708,0.2809,0.3348,0.3502,0.3668,0.4008,0.4099,0.4188,0.4354,0.4499,0.4588,0.5719,0.8734
0.00149999999999995,0.00329999999999997,0.00470000000000004,0.00480000000000003,0.00519999999999998,0.00619999999999998,0.00819999999999999,0.00839999999999996,0.0138,0.018,0.0212,0.0256,0.0259,0.0266999999999999,0.0284,0.0285,0.0296,0.0499000000000001,0.05,0.0522,0.0532,0.0625,0.0671,0.9993,0.9999,0.9999
0.00760000000000005,0.0117,0.0153,0.0205,0.0511,0.0538,0.0584,0.0623,0.064,0.0689,0.0719,0.0816,0.0856,0.0934,0.1056,0.1316,0.1423,0.1545,0.1603,0.1785,0.2319,0.243,0.259,0.2623,0.7587,0.9769
0.0115,0.0176,0.0299,0.039,0.0473,0.0503,0.0553,0.0610000000000001,0.0656,0.076,0.0872000000000001,0.0908,0.0964,0.1019,0.1048,0.1255,0.1506,0.1536,0.1675,0.1717,0.1767,0.1795,0.1818,0.1825,0.8673,0.9683
0.00270000000000004,0.0091,0.0125,0.018,0.0205,0.0246,0.0385,0.0475,0.0535,0.0639,0.0745,0.0863,0.1866,0.1993,0.2111,0.2168,0.2217,0.2303,0.2368,0.2784,0.3254,0.3498,0.4022,0.5013,0.5844,0.9899
0.0191,0.0326,0.0679,0.0891,0.0987,0.1061,0.1153,0.1413,0.1563,0.1924,0.2218,0.2314,0.2471,0.2587,0.2658,0.2931,0.3245,0.3314,0.3498,0.3563,0.3637,0.3735,0.3807,0.3856,0.7688,0.9457
0.0185,0.027,0.0342,0.0475,0.0642,0.0686,0.077,0.0896,0.1002,0.1166,0.1462,0.1555,0.1644,0.1867,0.1964,0.2294,0.2477,0.2709,0.3113,0.3267,0.3404,0.3663,0.3842,0.3937,0.5724,0.8834
0.0162,0.0314,0.0562,0.083,0.0898,0.1002,0.1182,0.1799,0.1933,0.2163,0.2436,0.2544,0.3059,0.3173,0.329,0.3564,0.3683,0.3769,0.3911,0.4048,0.4191,0.4295,0.4501,0.475,0.7116,0.9525
0.0137,0.029,0.0451,0.0712000000000001,0.0781,0.0872000000000001,0.1059,0.161,0.1721,0.1954,0.2198,0.2334,0.3169,0.3315,0.3458,0.374,0.3831,0.3922,0.4057,0.4274,0.4485,0.4618,0.4878,0.529,0.6861,0.9603
0.00600000000000001,0.0132,0.0188,0.023,0.0879,0.096,0.101,0.109,0.1105,0.1131,0.1177,0.1224,0.1264,0.1316,0.1386,0.2568,0.2677,0.2711,0.2782,0.2848,0.2919,0.2953,0.3008,0.3014,0.5562,0.9676
0.0272,0.0405,0.0543,0.0749,0.092,0.0978,0.1103,0.1281,0.1441,0.1882,0.2343,0.2516,0.2652,0.3234,0.3356,0.3771,0.3952,0.4215,0.4911,0.504,0.5204,0.537,0.5727,0.5911,0.7158,0.829
0.0155999999999999,0.0263,0.0339,0.0425,0.0570000000000001,0.0611000000000001,0.0682,0.0832000000000001,0.0901999999999999,0.1217,0.1634,0.1764,0.1841,0.2143,0.2206,0.2468,0.2693,0.2889,0.3432,0.3592,0.3769,0.3947,0.418,0.4228,0.7132,0.8683
0.0218,0.0372,0.0485,0.0673,0.0779,0.0855,0.0987,0.1235,0.1308,0.146,0.1621,0.1834,0.2507,0.2723,0.3001,0.3413,0.3467,0.3633,0.3745,0.3975,0.4212,0.4417,0.4781,0.7721,0.8868,0.944
0.0153,0.0289,0.0369,0.0491,0.0580000000000001,0.0656,0.079,0.0975,0.1027,0.1146,0.1278,0.1475,0.2232,0.2394,0.2656,0.2952,0.2995,0.3134,0.321,0.3505,0.3765,0.3968,0.4324,0.836,0.9254,0.9634
0.0245,0.0397999999999999,0.0484,0.0657,0.0803000000000001,0.0875,0.104,0.1252,0.1327,0.1522,0.1702,0.1916,0.2173,0.2446,0.2843,0.3171,0.324,0.3522,0.3933,0.4214,0.4562,0.4765,0.527,0.8459,0.9106,0.9363
0.0071,0.0111,0.0142,0.0163,0.0566,0.0605,0.0646,0.069,0.0702,0.0733,0.0763,0.0821,0.0841,0.0901,0.0988,0.1295,0.1409,0.1518,0.1621,0.174,0.1997,0.2066,0.223,0.2248,0.6553,0.9592
0.0135,0.0238,0.0313,0.043,0.1193,0.132,0.1392,0.1496,0.1534,0.1587,0.1661,0.1722,0.1782,0.187,0.197,0.3082,0.3187,0.325,0.3333,0.3413,0.3508,0.3569,0.3646,0.3662,0.5453,0.9604
0.0208,0.032,0.0399,0.0498,0.0665,0.072,0.08,0.0925,0.1019,0.1255,0.1583,0.1685,0.1742,0.2013,0.2092,0.2319,0.2489,0.2745,0.34,0.3562,0.3694,0.3899,0.4141,0.4214,0.6385,0.8586
0.00529999999999997,0.00880000000000003,0.0138,0.0175,0.0227000000000001,0.0243,0.0275,0.0296,0.0315,0.0366,0.0441,0.0459000000000001,0.0484,0.0514,0.053,0.064,0.0800999999999999,0.0821,0.0947,0.0983000000000001,0.102,0.1037,0.1053,0.1057,0.9023,0.979
0.0123,0.0192,0.036,0.0462,0.0544,0.0578,0.0641000000000001,0.0727,0.0776,0.0914,0.1037,0.1083,0.1158,0.1223,0.1253,0.1459,0.1873,0.1903,0.2051,0.2103,0.2173,0.2196,0.222,0.2225,0.9036,0.9681
0.0276999999999999,0.0421,0.0542,0.0753,0.0941,0.101,0.1178,0.1408,0.1529,0.1785,0.2149,0.2333,0.25,0.2873,0.3128,0.3599,0.3725,0.4033,0.4904,0.5084,0.5326,0.5511,0.5997,0.6736,0.7872,0.8678
0.0262,0.0394,0.0526,0.072,0.0883000000000001,0.0939,0.1058,0.122,0.1384,0.1864,0.2356,0.2532,0.266,0.3284,0.3393,0.3772,0.396,0.4228,0.4934,0.5064,0.5226,0.5399,0.5758,0.5925,0.7211,0.8274
0.015,0.0253,0.0323,0.0403,0.0541,0.0580000000000001,0.0649,0.0779,0.0846,0.1147,0.1564,0.1684,0.1754,0.2036,0.2096,0.2335,0.2551,0.2747,0.3301,0.3465,0.364,0.3822,0.4053,0.4103,0.7154,0.8708
0.00590000000000002,0.0133,0.0172,0.0243,0.0308000000000001,0.0371,0.0467,0.0628,0.0678,0.0727,0.0875,0.0928,0.122,0.1311,0.1433,0.174,0.1813,0.1878,0.2079,0.2234,0.2367,0.2513,0.2593,0.2709,0.3175,0.9708
0.0607,0.0831,0.1098,0.2018,0.2692,0.3042,0.3227,0.3308,0.3607,0.3789,0.3998,0.4094,0.4263,0.4392,0.4495,0.5087,0.5275,0.5441,0.5488,0.5577,0.5698,0.5829,0.6023,0.6225,0.9177,0.9645
0.00219999999999998,0.00719999999999998,0.00880000000000003,0.0129,0.0163,0.0185,0.0285,0.0323,0.0359,0.046,0.0543,0.0696,0.1591,0.1744,0.1868,0.1925,0.196,0.2041,0.2108,0.2742,0.3271,0.3569,0.4064,0.5136,0.5901,0.9919
0.00529999999999997,0.00880000000000003,0.0138,0.0175,0.0227000000000001,0.0243,0.0275,0.0296,0.0315,0.0366,0.0441,0.0459000000000001,0.0484,0.0514,0.053,0.064,0.0800999999999999,0.0821,0.0947,0.0983000000000001,0.102,0.1037,0.1053,0.1057,0.9023,0.979
0.0115,0.0316,0.0445,0.0706,0.0772,0.0898,0.1142,0.1784,0.1873,0.2144,0.2347,0.2536,0.3617,0.3762,0.4067,0.4298,0.4368,0.4477,0.4611,0.5003,0.5443,0.5635,0.6051,0.8009,0.8759,0.9766
0.0269,0.0424,0.0590000000000001,0.0850999999999999,0.1034,0.1104,0.1207,0.1621,0.1764,0.221,0.2661,0.2824,0.3008,0.348,0.3566,0.4118,0.4354,0.4534,0.4969,0.5076,0.519,0.5333,0.554,0.5602,0.6816,0.8403
0.00990000000000002,0.0183,0.0273,0.0386,0.0455,0.0538,0.0634,0.0861,0.0949,0.1068,0.1281,0.1331,0.1484,0.1671,0.1727,0.1992,0.2097,0.2176,0.2445,0.2523,0.2611,0.2691,0.281,0.2836,0.3786,0.9227
0.0308000000000001,0.0459000000000001,0.0594,0.0848,0.1021,0.1089,0.1236,0.1504,0.1633,0.1884,0.223,0.2412,0.2625,0.2999,0.3238,0.3794,0.3903,0.4167,0.4813,0.4957,0.5146,0.5322,0.574,0.644,0.7618,0.8622
0.0328000000000001,0.0484,0.0679,0.0976,0.1163,0.1233,0.1356,0.173,0.1904,0.237,0.2835,0.3022,0.3225,0.3796,0.3908,0.4509,0.4713,0.4919,0.5402,0.5501,0.5625,0.5758,0.5996,0.6103,0.7096,0.8333
0.0181,0.0299,0.0597,0.0841,0.0934,0.1011,0.1132,0.1459,0.1637,0.1918,0.2186,0.228,0.251,0.2621,0.2693,0.2953,0.3139,0.3222,0.3353,0.3438,0.352,0.3624,0.3764,0.3841,0.6335,0.9466
0.028,0.0412,0.0591,0.0784,0.0907,0.0991999999999999,0.1086,0.1263,0.1463,0.1618,0.1885,0.1989,0.2161,0.2381,0.2478,0.2712,0.2832,0.3065,0.3158,0.3215,0.3264,0.3497,0.3729,0.4163,0.8054,0.9284
0.0198,0.0334,0.0447,0.0583,0.075,0.08,0.0885,0.1106,0.1208,0.1677,0.2161,0.235,0.2464,0.2961,0.3037,0.3403,0.3644,0.3862,0.4405,0.4554,0.4726,0.4903,0.5185,0.5249,0.7222,0.8437
0.0236,0.0358000000000001,0.0471,0.0648,0.081,0.0869,0.1012,0.1191,0.1318,0.1663,0.2082,0.2248,0.237,0.2797,0.2968,0.3327,0.3487,0.3773,0.4793,0.497,0.5216,0.5403,0.5853,0.6196,0.7396,0.8473
0.000299999999999967,0.000700000000000034,0.000800000000000023,0.00109999999999999,0.00129999999999997,0.00170000000000003,0.00239999999999996,0.00270000000000004,0.00270000000000004,0.00319999999999998,0.00329999999999997,0.00490000000000002,0.00770000000000004,0.00800000000000001,0.0119,0.0121,0.0121,0.0125,0.0125999999999999,0.0184,0.0274,0.028,0.0311,0.9996,0.9999,0.9999
0.00780000000000003,0.019,0.0287,0.0467,0.0527,0.0626,0.0718,0.0924,0.103,0.1157,0.1382,0.1455,0.1647,0.1735,0.18,0.1967,0.2148,0.2216,0.2376,0.2523,0.2683,0.2831,0.3043,0.3179,0.7563,0.9704
0.0214,0.0468,0.0696,0.1337,0.2306,0.3686,0.3815,0.394,0.3999,0.407,0.4209,0.4362,0.4495,0.4631,0.4796,0.6626,0.6825,0.6892,0.7018,0.7238,0.7401,0.7521,0.7874,0.7941,0.8918,0.9578
0.0182,0.0315,0.0698,0.0922,0.1011,0.1096,0.1206,0.1569,0.1751,0.2134,0.2409,0.2515,0.2712,0.2821,0.2896,0.3101,0.3328,0.3418,0.3541,0.3618,0.3697,0.3824,0.397,0.4066,0.7149,0.9475
0.000900000000000012,0.00129999999999997,0.002,0.00280000000000002,0.004,0.00409999999999999,0.00480000000000003,0.00509999999999999,0.00539999999999996,0.00619999999999998,0.00660000000000005,0.00739999999999996,0.00800000000000001,0.00860000000000005,0.00929999999999998,0.0104,0.0137,0.0145,0.016,0.0171,0.0246,0.0251,0.0268,0.027,0.9804,0.9979
0.000199999999999978,0.000399999999999956,0.000399999999999956,0.000399999999999956,0.000499999999999945,0.000700000000000034,0.00970000000000004,0.00970000000000004,0.0516,0.0518,0.0518999999999999,0.0553,0.0553,0.0553,0.0737,0.0737,0.0745,0.0817,0.0817,0.086,0.4083,0.4084,0.4084,1,1,1
0.0137,0.0266999999999999,0.0339,0.0443,0.0535,0.0618,0.0758,0.0903,0.0952,0.107,0.1203,0.1401,0.2209,0.2351,0.2604,0.2884,0.2923,0.305,0.3113,0.3464,0.3734,0.3963,0.4322,0.8517,0.9295,0.9684
0.00180000000000002,0.00470000000000004,0.00560000000000005,0.00729999999999997,0.00860000000000005,0.0112,0.0155999999999999,0.0181,0.0185,0.0209,0.0222,0.0278,0.0446,0.0464,0.0585,0.0605,0.0609,0.0637,0.065,0.0861,0.1099,0.1145,0.128,0.9924,0.9973,0.9979
0.0229,0.0349,0.0459000000000001,0.0631,0.0789,0.085,0.0994,0.1162,0.1289,0.164,0.2054,0.222,0.2337,0.2765,0.2934,0.3268,0.3436,0.373,0.4763,0.4952,0.5217,0.5413,0.5893,0.6243,0.7452,0.8491
0.0385,0.0550000000000001,0.0741000000000001,0.113,0.1298,0.1368,0.1499,0.1908,0.2065,0.236,0.27,0.288,0.3183,0.3578,0.3768,0.453,0.4644,0.4849,0.5222,0.5321,0.5447,0.5589,0.5881,0.6315,0.736,0.8532
0.0127,0.0242,0.0323,0.0438,0.1431,0.1584,0.1658,0.177,0.1806,0.1858,0.194,0.2003,0.2062,0.2157,0.2256,0.3888,0.3997,0.4052,0.4138,0.421,0.4278,0.4333,0.4401,0.4414,0.5691,0.9574
0.0206,0.032,0.0417999999999999,0.0566,0.0718,0.0785,0.0925,0.1048,0.118,0.1583,0.201,0.218,0.228,0.2762,0.2905,0.3169,0.3367,0.3682,0.469,0.4917,0.5221,0.5443,0.6018,0.6334,0.759,0.8518
0.0204,0.0331,0.044,0.0589,0.0753,0.0809,0.0898,0.1142,0.1246,0.1583,0.2031,0.2152,0.2265,0.2592,0.2661,0.3034,0.3269,0.3452,0.3955,0.4083,0.4208,0.4371,0.4565,0.4613,0.655,0.8552
0.018,0.0307,0.0407,0.0516,0.0673,0.0717,0.0803000000000001,0.0931,0.1036,0.1561,0.21,0.2299,0.2391,0.2968,0.3042,0.3337,0.3563,0.3811,0.4448,0.4618,0.4809,0.5001,0.5359,0.5448,0.7523,0.8422
0.0343,0.0507,0.0653,0.0954,0.1117,0.1187,0.1321,0.1632,0.1763,0.2015,0.2333,0.2521,0.2807,0.318,0.342,0.4046,0.4138,0.4378,0.4826,0.4958,0.5124,0.5301,0.5677,0.6502,0.7649,0.8674
0.0397999999999999,0.067,0.0855,0.4161,0.4616,0.5662,0.5771,0.5897,0.6004,0.6151,0.6231,0.6326,0.6518,0.6601,0.6724,0.7297,0.7427,0.7481,0.7529,0.7707,0.7839,0.7981,0.8364,0.8753,0.9629,0.9752
0.016,0.031,0.0550000000000001,0.0823,0.0891,0.0991999999999999,0.1172,0.1785,0.1916,0.2146,0.2415,0.2523,0.3055,0.317,0.3288,0.3567,0.3684,0.377,0.391,0.405,0.4196,0.43,0.4508,0.4756,0.7071,0.9529
0.028,0.0412,0.0591,0.0784,0.0907,0.0991999999999999,0.1086,0.1263,0.1463,0.1618,0.1885,0.1989,0.2161,0.2381,0.2478,0.2712,0.2832,0.3065,0.3158,0.3215,0.3264,0.3497,0.3729,0.4163,0.8054,0.9284
0.0308000000000001,0.048,0.0593,0.0833,0.0991,0.1067,0.1219,0.1486,0.1578,0.1803,0.2023,0.2251,0.2603,0.2919,0.326,0.373,0.3806,0.4068,0.4397,0.4629,0.4905,0.5116,0.5564,0.7805,0.8706,0.9152
0.00719999999999998,0.0123,0.0192,0.0409000000000001,0.0464,0.0481,0.0566,0.0629999999999999,0.0714,0.0794,0.0917,0.0977,0.1112,0.1207,0.1272,0.1473,0.1599,0.168,0.186,0.1954,0.2075,0.217,0.2281,0.2304,0.5545,0.9679
0.0115,0.0237000000000001,0.0278,0.0375,0.0476,0.0562,0.072,0.0861,0.0891,0.1001,0.1096,0.1251,0.1628,0.1719,0.2112,0.2294,0.2324,0.2442,0.2586,0.3103,0.3573,0.3734,0.3991,0.9476,0.9703,0.9823
0.000399999999999956,0.00190000000000001,0.00229999999999997,0.00280000000000002,0.00319999999999998,0.00439999999999996,0.00780000000000003,0.00849999999999995,0.00880000000000003,0.0103,0.011,0.0153,0.0385,0.0399,0.0478,0.0483,0.0486,0.05,0.0505,0.0698,0.0991999999999999,0.104,0.1148,0.9951,0.9989,0.9994
0.005,0.0119,0.0145,0.0184,0.0223,0.0286,0.0392,0.0445,0.0461,0.0515,0.0567,0.0683,0.1281,0.1337,0.1516,0.1594,0.1612,0.1679,0.1704,0.2113,0.2439,0.2575,0.2867,0.9529,0.9834,0.991
0.0165999999999999,0.0299,0.0374,0.0502,0.0600000000000001,0.0671,0.0799,0.0991999999999999,0.1039,0.1161,0.1272,0.1467,0.2007,0.2168,0.2478,0.276,0.2802,0.296,0.3062,0.3356,0.3653,0.3837,0.4195,0.87,0.9394,0.9648
0.0102,0.0195,0.0236,0.0316,0.038,0.0431,0.0536,0.0652,0.0678,0.0763,0.0826,0.0977,0.1314,0.1413,0.1704,0.1848,0.1872,0.1991,0.2076,0.238,0.2711,0.2843,0.3153,0.9468,0.9756,0.9826
0.018,0.029,0.0376,0.0565,0.0727,0.0783,0.0915,0.1067,0.1141,0.1253,0.1401,0.1558,0.1961,0.2175,0.2416,0.3169,0.3275,0.3432,0.3582,0.3834,0.4089,0.4319,0.4552,0.5009,0.6988,0.9211
0.0152,0.025,0.0316,0.0394,0.053,0.0567,0.0635,0.0749,0.0817,0.1106,0.1518,0.1629,0.1692,0.1959,0.2019,0.2241,0.2447,0.2655,0.3225,0.3393,0.3561,0.3755,0.3991,0.4049,0.7094,0.8691
0.0364,0.0517,0.072,0.1195,0.1366,0.144,0.155,0.2089,0.2252,0.2531,0.2821,0.2965,0.3286,0.3629,0.3765,0.4649,0.4778,0.4919,0.5162,0.5237,0.5322,0.5439,0.5626,0.5805,0.6729,0.8619
0.0183,0.0306,0.0619,0.0862000000000001,0.0953,0.1034,0.116,0.1513,0.169,0.197,0.2242,0.2338,0.2578,0.2689,0.2764,0.3014,0.32,0.3285,0.3419,0.3505,0.359,0.3694,0.3842,0.3929,0.6517,0.9466
0.0188,0.0272,0.0424,0.0641000000000001,0.0757,0.0803000000000001,0.0875,0.0961,0.1069,0.122,0.144,0.1488,0.1582,0.1674,0.172,0.2061,0.2236,0.2285,0.2477,0.2524,0.2569,0.2628,0.2666,0.2684,0.6946,0.948
0.0151,0.0249,0.0315,0.0392,0.0528,0.0565,0.0633,0.0746,0.0814,0.1103,0.1515,0.1627,0.169,0.1956,0.2016,0.2238,0.2444,0.2651,0.322,0.3387,0.3556,0.3749,0.3985,0.4042,0.7106,0.8697
0.0285,0.0414,0.0544,0.083,0.0998,0.107,0.1164,0.1544,0.1696,0.1922,0.2266,0.2368,0.2541,0.2825,0.2925,0.3472,0.3625,0.379,0.4151,0.4238,0.432,0.4475,0.462,0.47,0.5724,0.8699
0.00870000000000004,0.025,0.0335,0.0522,0.0579,0.0679,0.0892,0.1278,0.1346,0.1587,0.1735,0.1929,0.2948,0.3086,0.34,0.3561,0.3612,0.3717,0.3816,0.4255,0.477,0.4971,0.5439,0.8695,0.9207,0.9847
0.0189,0.0304,0.0393,0.0510000000000001,0.0665,0.0722,0.0835,0.0905,0.1043,0.157,0.2103,0.2277,0.2356,0.3001,0.3085,0.3311,0.3534,0.3845,0.47,0.4916,0.5147,0.5359,0.5892,0.6056,0.7684,0.8398
0.0119,0.021,0.034,0.0565,0.0646,0.0704,0.0812000000000001,0.0995,0.1119,0.1295,0.148,0.1569,0.1909,0.2031,0.2109,0.2355,0.2471,0.254,0.2658,0.2787,0.29,0.3031,0.3175,0.3268,0.4688,0.9612
0.00719999999999998,0.0123,0.0192,0.0409000000000001,0.0464,0.0481,0.0566,0.0629999999999999,0.0714,0.0794,0.0917,0.0977,0.1112,0.1207,0.1272,0.1473,0.1599,0.168,0.186,0.1954,0.2075,0.217,0.2281,0.2304,0.5545,0.9679
